id,nama,email,no_telpon,alamat
1,Barb Ducham,bducham0@storify.com,162-689-2972,325 Walton Park
2,Dorie Prudham,dprudham1@nymag.com,142-421-4814,201 Fordem Point
3,Ayn Lynch,alynch2@samsung.com,444-637-3196,7 Magdeline Junction
4,Natassia Dionsetto,ndionsetto3@people.com.cn,561-259-6347,45 Jana Plaza
5,Marrissa Sappy,msappy4@unicef.org,841-649-8255,9508 Warner Circle
6,Valentijn Denisot,vdenisot5@sun.com,132-797-7651,5 American Ash Court
7,Suzie Natt,snatt6@google.co.uk,296-499-0485,0 Manufacturers Park
8,Katusha Smedmore,ksmedmore7@constantcontact.com,197-508-9468,747 Logan Lane
9,Aymer Airs,aairs8@surveymonkey.com,333-476-5928,8 Florence Parkway
10,Niko Halbord,nhalbord9@clickbank.net,175-859-3418,2 Pierstorff Avenue
